Writer Name,Writer ID
Mangooste,0
Ormlis,1
Tikhon228,2
adepteXiao,3
glebustim,4
sevlll777,5
yunetive29,6
cry,7
vgoofficial,8
BledDest,9
Neon,10
adedalic,11
awoo,12
fcspartakm,13
JuanPabloAmezcua,14
Marckess,15
SebR,16
jampm,17
ArvinCiu,18
CyberSleeper,19
athin,20
joelgun14,21
shnirelman,22
P.V.Sekhar,23
nishkarsh,24
TheScrasse,25
lorenzoferrari,26
wksni,27
ChairmanFMao,28
Filikec,29
RobinFromTheHood,30
Chalishkan,31
I_Love_Diar_Narumov,32
Wansur,33
BiNARyBeastt,34
Tsovak,35
Pa_sha,36
DitaMirika,37
LMydd0225,38
Ternary_Tree_,39
_FJqwq,40
tzl_Dedicatus545,41
wyrqwq,42
zltzlt,43
Misuki,44
Gornak40,45
Vladosiya,46
myav,47
senjougaharin,48
Flamire,49
le0n,50
xcyle,51
satyam343,52
sum,53
SlavicG,54
flamestorm,55
mesanu,56
GlowCheese,57
thanhchauns2,58
ZhouShang2003,59
Vitaly503,60
goncharovmike,61
ikrpprppp,62
wuhudsm,63
EJIC_B_KEDAX,64
Sokol080808,65
azureglow,66
green_gold_dog,67
molney,68
zwezdinv,69
feecIe6418,70
ArSarapkin,71
ErnKor,72
K1o0n,73
Kmes,74
Noobish_Monk,75
AwakeAnay,76
BlazingDragon,77
DC17,78
MrSavageVS,79
Pew_Pew.,80
ShivanshJ,81
Swap-nil,82
TimeWarp101,83
Vladithur,84
Roms,85
FelixArg,86
egor4444ik,87
iamdimonis,88
nik1998,89
74TrAkToR,90
127.0.0.1,91
Artyom123,92
IzhtskiyTimofey,93
TheEvilBird,94
bashkort,95
vaaven,96
buffering,97
null_awe,98
iNNNo,99
sinsop90,100
yinhee,101
Stefan2417,102
alexchist,103
Atomic-Jellyfish,104
Bazoka13,105
Nerovix,106
SanweiTreap,107
Serval,108
Toxel,109
jhdonghj112,110
Aksenov239,111
MaxBuzz,112
az453,113
darnley,114
fedor.tsarev,115
izban,116
lsantire,117
pkhaustov,118
TimDee,119
prvocislo,120
3EVEHAR_KOAVA,121
AdrienVannson,122
Cauchico,123
Charbel,124
Petr,125
ScarletS,126
bjornargh,127
matrix,128
zehnsechs,129
FBI,130
SashaT9,131
N_z__,132
rui_er,133
yinhy09,134
jdurie,135
tourist,136
GenghizKhan,137
JadeReaper,138
Prakul_Agrawal,139
SilverTongue1729,140
TheRaja,141
akcube,142
fangahawk,143
kevaljain,144
keyurchd_11,145
ppt1524,146
shakr,147
shiven,148
0doO,149
Otomachi_Una,150
ZergTricky,151
mainyutin,152
ssor96,153
vmanosin7,154
Kuroni,155
MofK,156
AlperenT,157
ToxicPie9,158
willy108,159
oursaco,160
smax,161
Giove,162
MZuenni,163
antontrygubO_o,164
bicsi,165
dario2994,166
exhausted,167
max0000561,168
Gadget,169
Kirill_Maglysh,170
NToneE,171
Dominater069,172
Everule,173
Alexey_Parsh,174
Mordvin13,175
Sasha0738,176
daha.002,177
natalina,178
t0rtik,179
vladmart,180
Papaz239,181
ViktorSM,182
grphil,183
isaf27,184
pakhomovee,185
AndreyPavlov,186
i_love_penguins,187
ayaze,188
ir5,189
jonathanirvings,190
kevinsogo,191
pandamonium,192
prabowo,193
harsh__h,194
MagicalFlower,195
Psychotic_D,196
chromate00,197
dbsbs,198
erniepsycholone,199
jerryliuhkg,200
lomienyeet,201
snowysecret,202
MikeMirzayanov,203
denk,204
pashka,205
step_by_step,206
Elegia,207
FairyWinx,208
Alexdat2000,209
silvvasil,210
teraqqq,211
ace5,212
ooaa,213
JaySharma1048576,214
mexomerf,215
yash_daga,216
omeganot,217
maomao90,218
OR_LOVe,219
marzipan,220
platelet,221
IgorI,222
_LeMur_,223
zidder,224
AcidWrongGod,225
Ferume,226
tibinyte,227
valeriu,228
PavelKunyavskiy,229
VArtem,230
cdkrot,231
elizarov,232
goldvitaly,233
kgeorgiy,234
niyaznigmatul,235
orz,236
Apple_Method,237
lunchbox,238
Yoshiyuki,239
fushar,240
rapel,241
Adam_GS,242
Theo830,243
NemanjaSo2005,244
Riblji_Keksic,245
Mike4235,246
lanhf,247
thenymphsofdelphi,248
xuanquang1999,249
BULLMCHOW,250
n0sk1ll,251
meowcneil,252
a.nasretdinov,253
Cocoly1990,254
Imakf,255
waaitg,256
Dmitry07,257
valerikk,258
Pyqe,259
nandonathaniel,260
Acanikolic73,261
AlphaMale06,262
AndrewPav,263
OAleksa,264
ognjentesic,265
wxhtzdy,266
windva,267
SomethingNew,268
salyg1n,269
BreakPlus,270
DisconnectedGraph,271
Error_Yuan,272
dqstz,273
duck_pear,274
programpiggy,275
sszcdjr,276
Edbert.H,277
FreeJinG,278
KokiCoder,279
asteriskzie,280
gansixeneh,281
AndreySergunin,282
Endagorion,283
Golovanov399,284
amethyst0,285
ch_egor,286
zeliboba,287
zemen,288
Amir_Parsa,289
AquaMoon,290
JohnVictor,291
Lavine,292
ODT,293
RiverHamster,294
amenotiomoi,295
ugly2333,296
diskoteka,297
pavlekn,298
playerr17,299
ArtAlex,300
FedShat,301
Kihihihi,302
arbuzick,303
daubi,304
fastmath,305
kirill.kligunov,306
plagues,307
efimovpaul,308
induk_v_tsiane,309
kristevalex,310
Skillful_Wanderer,311
Igorfardoc,312
Kaey,313
akifpatel,314
Aris,315
ArielShehter,316
Benq,317
Ina,318
US3RN4M3,319
emorgan,320
nsqrtlog,321
ntarsis30,322
duality,323
PoPularPlusPlus,324
StArChAn,325
Asuka,326
Crying,327
DerekFeng,328
Gary2005,329
KbltQaQ,330
MonkeyKing,331
ShmilyTY,332
sjcsjcsjc,333
Anadi,334
Arti1990,335
Fly_37,336
Okrut,337
kempusss,338
kobor,339
maras,340
w0nsh,341
Mikhango,342
Siberian,343
TeaTime,344
Ziware,345
TheWayISteppedOutTheCar,346
isosto,347
Andrei_ierdnA,348
Doru,349
Gheal,350
IacobTudor,351
LucaLucaM,352
RedstoneGamer22,353
Sochu,354
alecs,355
andrei_boaca,356
anpaio,357
lucaperju,358
CrTsIr,359
Gyy_cj,360
RedLycoris,361
okwedook,362
adamant,363
jeroenodb,364
Igor_Parfenov,365
DishonoredRighteous,366
Kon567889,367
Um_nik,368
dshindov,369
golikovnik,370
KevinDENG,371
Summerless,372
AHappyPotato,373
arvindf232,374
culver0412,375
AC-Automation,376
Ari,377
BucketPotato,378
RDDCCD,379
244mhq,380
BaluconisTima,381
VEGAnn,382
Vladik,383
Wind_Eagle,384
andrew,385
gepardo,386
kartel,387
programmer228,388
vilcheuski,389
Talaodi,390
YunQian,391
mazihang2022,392
xukai,393
GlebsHP,394
Zlobober,395
4qqqq,396
DebNatkh,397
Kirill22,398
Aleks5d,399
MateoCV,400
vovuh,401
Catmoonlight,402
KAN,403
subscriber,404
Simon,405
cescmentation_folch,406
cip999,407
gangsterveggies,408
gog.gerard,409
jinlifu1999,410
tap_tapii,411
Honey_Badger,412
YeongTree,413
azberjibiou,414
Shefin_,415
adnan_toky,416
jiangtaizhe001,417
qzhwlzy,418
rsj,419
Gol_D,420
qualdoom,421
Crocuta,422
mayankfrost,423
quantau,424
DeMen100ns,425
SPyofgame,426
Nanako,427
Nezzar,428
SteamTurbine,429
huangxiaohua,430
m_99,431
triple__a,432
Anurag203,433
Phantom_Deluxe,434
ka_tri,435
nishu2002,436
s_jaskaran_s,437
sksusha8853,438
...nvm,439
.utk.,440
DreadArceus,441
crimsonred,442
og_,443
warks,444
ChthollyNotaSeniorious,445
Cirno_9baka,446
Ecrade_,447
JianfengZhu,448
Little09,449
mejiamejia,450
amurto,451
_HossamYehia_,452
DStepanenko,453
DmitryKlenov,454
dmitryme,455
elena,456
kuviman,457
fishy15,458
manish.17,459
saarang,460
Forever_Pursuit,461
SpaceJellyfish,462
dXqwq,463
orzdevinwang,464
unputdownable,465
CoderAnshu,466
rivalq,467
NeoZap,468
Nyse,469
steven.novaryo,470
KLPP,471
TheOneYouWant,472
AmirrzwM,473
MohammadParsaElahimanesh,474
SSerxhs,475
SirShokoladina,476
TomiokapEace,477
napstablook,478
mtw,479
naman1601,480
blobugh,481
low_,482
magnified,483
Akulyat,484
Milesian,485
liouzhou_101,486
Brovko,487
Lankin,488
__jk__,489
Newtech66,490
anubhavdhar,491
FerdiHS,492
Kapt,493
MadProgrammer,494
__silaedr__,495
ilyakrasnovv,496
Death_on_2_Legs,497
a.stepanov281005,498
artem3605,499
budalnik,500
meshanya,501
philmol,502
robivirt,503
CoupDeGrace,504
Sugar_fan,505
Yakumo_Ran,506
farmerj,507
izlyforever,508
kuangbin,509
Rhodoks,510
zxyoi,511
lce4113,512
MarkBcc168,513
abc241,514
inwbearX,515
gyh20,516
Igorbunov,517
Olerinskiy,518
_overrated_,519
fedoseev.timofey,520
talant,521
vintage_Vlad_Makeev,522
voidmax,523
ki0apa,524
AmShZ,525
Keshi,526
alireza_kaviani,527
MisterGu,528
LilyWhite,529
huangzirui,530
xiaoziyao,531
amul_agrawal,532
ltc.groverkss,533
menavlikar.rutvij,534
rahulgoel,535
shishyando,536
Masha237,537
andr1y,538
iakovlev.zakhar,539
iura,540
welleyth,541
Errichto,542
Frank_DD,543
FreshP_0325,544
dark_light,545
funer,546
qsmcgogo,547
tokitsukaze,548
winterzz1,549
Ahmed_Hosssam,550
Hemose,551
ZerooCool,552
Delfad0r,553
majk,554
errorgorn,555
oolimry,556
peti1234,557
Agnimandur,558
magnus.hegdahl,559
Mondeus,560
_FireGhost_,561
_LEOS_,562
mewnian,563
FelixMP,564
xpov1LL,565
I_love_myself,566
Jeffrey,567
KiKoS,568
cookiedoth,569
gmusya,570
ligaydima,571
alegsandyr,572
abc864197532,573
dannyboy20031204,574
atodo,575
EvgeniyPonasenkov,576
__JustMe__,577
crazyilian,578
purplesyringa,579
BrayanD,580
dmga44,581
humbertoyusta,582
300iq,583
darkkcyan,584
Monogon,585
PurpleCrayon,586
Denisson,587
antonis.white,588
dimatimoshin23,589
kirill.grachoff,590
TadijaSebez,591
oversolver,592
4llower,593
AleXman111,594
AliShahali1382,595
DeadlyCritic,596
Ashishgup,597
ExplodingFreeze,598
JeevanJyot,599
the_hyp0cr1t3,600
doreshnikov,601
YouKn0wWho,602
4eT_llpuyHblJl,603
AlesyaIvanova,604
LHiC,605
NiceClock,606
Anti-Light,607
AlFlen,608
MagentaCobra,609
Tlatoani,610
golions,611
qlf9,612
rabaiBomkarBittalBang,613
MrPaul_TUser,614
nastya_ka,615
BubbleCup,616
Kole,617
Vasiljko,618
acac97,619
berke00,620
davidmilicevic97,621
dj0l3,622
igzi,623
ijevtic,624
nikolapesic2802,625
niksmiljkovic,626
pavlej,627
renea,628
Dremix10,629
Bakry,630
KostasKostil,631
Panji,632
hocky,633
rama_pang,634
richiesenlia,635
yz_,636
CQXYM,637
interlude,638
Asymmetry,639
Markadiusz,640
netman,641
2sozx,642
JJLeo,643
Oshwiciqwqq,644
AhmedEzzatG,645
Mo2men,646
mouse_wireless,647
Adel_SaadEddin,648
Zaher,649
bthero,650
mnaeraxr,651
GOATWU,652
Melacau,653
Suiseiseki,654
Ynoi,655
box,656
syh0313,657
wh0816,658
DK318,659
geranazavr555,660
unreal.eugene,661
ijxjdjd,662
Aaeria,663
Dormi,664
Ninjaclasher,665
Plasmatic,666
crackersamdjam,667
Stepavly,668
Supermagzzz,669
sdryapko,670
iLoveIOI,671
huawei,672
Davoth,673
Dio,674
Tet,675
Bignubie,676
DenOMINATOR,677
loud_mouth,678
mallick630,679
sharabhagrawal25,680
shikhar7s,681
the_nightmare,682
raiffeisen,683
Karavaiev,684
sodafago,685
FieryPhoenix,686
dragonslayerintraining,687
Rebelz,688
jqdai0815,689
littlelittlehorse,690
xyz2606,691
mohammedehab2002,692
mahmoudbadawy,693
7dan,694
ajit,695
kalpitk,696
mtnshh,697
Nickolas,698
kit1980,699
dixitgarg,700
ninja_28,701
sigma_g,702
Diegogrc,703
alexX512,704
blyat,705
ismagilov.code,706
wrg0ababd,707
Daniel_yuan,708
smg23333,709
3.141592653,710
Widowmaker,711
star_xingchen_c,712
syksykCCC,713
Jatana,714
Noam527,715
Sehnsucht,716
V--o_o--V,717
rip,718
MrBrionix,719
MyK_00L,720
taulant,721
Kilani,722
Salem_Alwarawreh,723
Warawreh,724
DS007,725
alimq,726
AliceG,727
ArtNext,728
Hello_zoka,729
Karabutsa,730
KhB,731
craborac,732
kokokostya,733
pelmenner,734
scanhex,735
gawry,736
ashmelev,737
anta.baka,738
neckbotov,739
Devil,740
fivefourthreeone,741
djm03178,742
JettyOller,743
bensonlzl,744
eidan,745
FastestFinger,746
Jeel_Vaishnav,747
Utkarsh.25dec,748
ridbit10,749
Mehrdad_Sohrabi,750
Mohammad.H915,751
Amtek,752
Mohamed.Sobhy,753
_h_,754
jjaworska,755
kpw29,756
lcaonmst,757
pasawicki,758
pawelek1,759
staniewzki,760
tnowak,761
SleepyShashwat,762
.tx,763
Kurpilyansky,764
YakutovDmitriy,765
aropan,766
hloya_ygrt,767
flaviu2001,768
koala_bear00,769
stefdasca,770
dvdg6566,771
shenxy13,772
4csmartguy,773
Filip,774
God_Ra,775
Stupke,776
Svetaxxx,777
VukVukovic,778
bovuck,779
danilo99,780
doraaki,781
milenkoviclazar,782
zDule98,783
DimmyT,784
nkamzabek,785
AMnu,786
Defy_AK12,787
JulianFernando,788
dewa251202,789
faustaadp,790
hiddentesla,791
Kotehok3,792
i.e,793
hugopm,794
DatVu,795
atoiz,796
Emarci15,797
birka0,798
busamate,799
lacito,800
mraron,801
zscoder,802
Retired_xryjr233,803
Xiejiadong,804
Z18,805
dqa2021,806
sshwyR,807
Denisov,808
perekopskiy,809
dcordb,810
gilcu3,811
jcg,812
Alex_2oo8,813
KarlisS,814
Pakalns,815
Sanja,816
andreyv,817
eduardische,818
gen,819
nvilcins,820
dengyaotriangle,821
enoone,822
physics0523,823
AS.82,824
amiralisalimi,825
davooddkareshki,826
smartnj,827
msoeken,828
Vivek1998299,829
Grzmot,830
MicGor,831
Villen3tenmerth,832
fake123,833
A.K.E.E.,834
BlueSmoke,835
mydiplomacy,836
EternalAlexander,837
Sulfox,838
ustze,839
McDic,840
tzuyu_chou,841
PuRpLe_FoReVeR,842
drazil,843
dreamoon_love_AA,844
Sender,845
diko,846
mingaleg,847
gaurav172,848
lazyneuron,849
preet_t,850
shaanknight,851
AkiLotus,852
lperovskaya,853
nvmdava,854
rotavirus,855
ArtDitel,856
Kostroma,857
mathbunnyru,858
265918,859
gamegame,860
Osama_Alkhodairy,861
TripleM5da,862
D.Pavlenko,863
Drozd_off,864
Ilistratov,865
LordVoIdebug,866
VFeafanov,867
Volkov_Ivan,868
devid,869
forestryks,870
karasek,871
polinarria,872
seiko.iwasawa,873
ckw1140,874
ko_osaga,875
nong,876
AdvancerMan,877
jabbawookiees,878
kylesky,879
timd,880
Rox,881
I_love_Hoang_Yen,882
chemthan,883
laoriu,884
andrewzta,885
qwerty787788,886
nocriz,887
I_love_tigersugar,888
UncleGrandpa,889
ngkan,890
DeliciousFlatChest,891
Darkstalker,892
jonathanwoenardi,893
radit,894
suhendry,895
wiwitrifai,896
Flyrise,897
platypus179,898
volcolac,899
arsijo,900
Radewoosh,901
Alexponomarev7,902
CepryH9,903
SerezhaE,904
VeryLonelyRaccoon,905
lesswrong,906
msmlkm,907
Biza,908
milisav,909
nsavic,910
pedja,911
Chmel_Tolstiy,912
GoToCoding,913
malcolm,914
manoprenko,915
Enigma27,916
_hiccup,917
_shanky,918
drastogi21,919
hitman623,920
SPatrik,921
Aphanasiy,922
Burunduk1,923
MakArtKar,924
Merkurev,925
fake123_loves_me,926
Hodobox,927
Xellos,928
misof,929
moniatko,930
ima_ima_go,931
sava-cska,932
tsarn,933
2014CAIS01,934
Claris,935
Subconscious,936
chenjb,937
quailty,938
skywalkert,939
teitoku,940
tender,941
DamianS,942
Wajeb,943
bgamlath,944
dj3500,945
esrever,946
Dalgerok,947
Karasick,948
danya.smelskiy,949
stanislav.bezkorovainyi,950
----------,951
Mr.Hakimov,952
ScreaMood,953
gop2024,954
kirillbogatiy,955
cannor147,956
achulkov2,957
alexey_kuldoshin,958
PinkRabbitAFO,959
QAQAutoMaton,960
ccz181078,961
ouuan,962
rushcheyo,963
Egor.Lifar,964
Jefe,965
ArguteOnAir,966
GreymaneSilverfang,967
Shirone,968
Lewin,969
cyand1317,970
Gassa,971
mnbvmar,972
neko_nyaaaaaaaaaaaaaaaaa,973
le.mur,974
bzh,975
qoo2p5,976
super_azbuka,977
vekarpov,978
IbragiMMamilov,979
Ralsei,980
usertab34,981
Schemtschik,982
akvasha,983
Dashk0,984
irkstepanov,985
top34051,986
zoomswk,987
Reziba,988
aleex,989
markysha,990
xolm,991
GreenGrape,992
simonlindholm,993
additya1998,994
devanshg27,995
night_fury208,996
nir123,997
nitesh_gupta,998
psaini,999
sharmaritvik60,1000
swetanjal,1001
vivace_jr,1002
altruist,1003
den2204,1004
LadyPython,1005
LordVoldebug,1006
golub,1007
kkarnauk,1008
romanovsavelij,1009
Soroush,1010
TLE,1011
fateice,1012
sunset,1013
yanQval,1014
xoxo,1015
WHITE2302,1016
demon1999,1017
ifsmirnov,1018
komendart,1019
GiraffeCoder,1020
JATC,1021
Jacob,1022
Kuyan,1023
Andreikkaa,1024
Glebodin,1025
SYury,1026
Arterm,1027
FilipVesovic,1028
Milanin,1029
balsa_knez,1030
dpaleka,1031
fulu,1032
ibra,1033
radras,1034
ACMLCZH,1035
FallDream,1036
ditoly,1037
Mahir83,1038
kraskevich,1039
DeshiBasara,1040
Ezio07,1041
GT_18,1042
TooDumbToWin,1043
csgocsgo,1044
dhirajfx3,1045
karansiwach360,1046
Edvard,1047
gchebanov,1048
riadwaw,1049
yarrr,1050
Burunduk2,1051
Morokei,1052
asokol,1053
peltorator,1054
Magolor,1055
yeputons,1056
VladProg,1057
Timurovich,1058
rembocoder,1059
desert97,1060
ksun48,1061
AlexSkidanov,1062
FalseMirror,1063
AGrigorii,1064
API,1065
Livace,1066
Hasan0540,1067
Odin-,1068
boba5551,1069
maksay,1070
mukel,1071
AakashHanda,1072
Vicennial,1073
apoorv_kulsh,1074
arnabsamanta,1075
kr_abhinav,1076
rohitranjan017,1077
vntshh,1078
Xahandd,1079
rationalex,1080
burakov28,1081
dusja.ds,1082
halin.george,1083
Ahmad_Elsagheer,1084
AhmedSoliman,1085
Kammola,1086
MostafaAbdullah,1087
KAP,1088
ZhNV,1089
kuzmichev_dima,1090
mmatrosov,1091
Tommyr7,1092
visitWorld,1093
unbelievable02,1094
zloyplace35,1095
wuminyan0607,1096
PrinceOfPersia,1097
Reyna,1098
STommydx,1099
longhuenchan,1100
southball,1101
sslotin,1102
rek,1103
Perforator,1104
slycelote,1105
DPR-pavlin,1106
veschii_nevstrui,1107
Snezhok,1108
slelaron,1109
dogther,1110
webmaster,1111
NBAH,1112
Marco_L_T,1113
NOIRP,1114
whfym,1115
Aryan,1116
Batman,1117
Mahdi_Jfri,1118
ckodser,1119
omidazadi,1120
MrKaStep,1121
bixind,1122
khadaev,1123
wilwell,1124
mHuman,1125
Coder,1126
cerealguy,1127
pieguy,1128
ayush24,1129
bharat.khanna.cse14,1130
divyam,1131
GShark,1132
SpyCheese,1133
timgaripov,1134
Arpa,1135
Ilua,1136
VadymKa,1137
ValenKof,1138
Mediocrity,1139
totsamyzed,1140
NikaraBika,1141
smahdavi4,1142
xen,1143
Loud_Scream,1144
ilya_the_lamer,1145
send_nodes,1146
Melnik,1147
robinyu,1148
ckauth,1149
meret,1150
v4lerich,1151
kefaa,1152
AnonymousBunny,1153
Al.Cash,1154
MohammadJA,1155
Navick,1156
amsen,1157
kastarika,1158
saliii,1159
tundra,1160
I_Love_Tina,1161
Barichek,1162
giraffeh,1163
Alladdin,1164
Amethyst1,1165
FireZi,1166
Prateek1996,1167
ishankarora,1168
vikhs_96,1169
killer_bee,1170
sidprasad,1171
arsor,1172
mike_live,1173
s17b2_voroneckij,1174
HellKitsune,1175
sivukhin,1176
Kniaz,1177
Baba,1178
saatwik27,1179
satyam.pandey,1180
shivamkakkar,1181
Petruchcho,1182
Shlakoblock,1183
Slamur,1184
craus,1185
dalex,1186
pitfall,1187
albertg,1188
Alexandr_TS,1189
MrDindows,1190
zxqfl,1191
IlyaLos,1192
danilka.pro,1193
ipavlov,1194
vepifanov,1195
BigBag,1196
_XuMuk_,1197
Sonechko,1198
knightL,1199
Extr,1200
NVAL,1201
agul,1202
bobrdobr,1203
nmakeenkov,1204
Resul,1205
IvanVan,1206
Yury_Bandarchuk,1207
Eran,1208
KingArthur,1209
blowUpTheStonySilence,1210
mkirsche,1211
nickmeller,1212
ThatMathGuy,1213
M.Mahdi,1214
Man,1215
themikemikovi4,1216
bash,1217
skmonir,1218
Wild_Hamster,1219
muratt,1220
AlexFetisov,1221
winger,1222
JeanValjean01,1223
unprost,1224
C137,1225
Smaug,1226
bharsi,1227
Allanur,1228
Bekmyrat.A,1229
bayram,1230
Sokolov,1231
k790alex,1232
pi37,1233
waterfalls,1234
yummy,1235
iskhakovt,1236
romanandreev,1237
wilcot,1238
xfce8888,1239
CleRIC,1240
KOTEHOK,1241
ecnerwala,1242
scott_wu,1243
FoolForCS,1244
IITianUG,1245
One_touch_finish,1246
code_note,1247
mkrjn99,1248
ATofighi,1249
MrNull,1250
dkjsfkhg,1251
Kareem_Mohamed,1252
Kuzey,1253
OSt,1254
igand,1255
mfv,1256
allllekssssa,1257
feldsherov,1258
thefacetakt,1259
memset123,1260
minimario,1261
Derrior,1262
Tigutor,1263
crossopt,1264
Bobrosoft,1265
TheWishmaster,1266
maxkvant,1267
Amor727,1268
Chilli,1269
ed1d1a8d,1270
Baklazan,1271
rui-de,1272
jaina,1273
numbertheorist17,1274
josdas,1275
romanasa,1276
Morphy,1277
StopKran,1278
glebushka98,1279
haku,1280
Haghani,1281
Oleg_Smirnov,1282
gridnevvvit,1283
igdor99,1284
Shik,1285
tmt514,1286
Dmitry_Egorov,1287
Sammarize,1288
tunyash,1289
RetiredAmrMahmoud,1290
Lord_F,1291
nikola12345,1292
2222,1293
Avalanche,1294
Igor_Kudryashov,1295
Kepnu4,1296
Krasnokutskiy,1297
Maxim,1298
Monyura,1299
Rubanenko,1300
Sfairat,1301
Sklyack,1302
olpetOdessaONU,1303
ADJA,1304
Timur_Sitdikov,1305
seland,1306
MaximShipko,1307
Sunayuki,1308
roosephu,1309
natalia,1310
map,1311
savinov,1312
sokian,1313
BekzhanKassenov,1314
Rebryk,1315
ArktosWB,1316
Seyaua,1317
aruff,1318
gojira,1319
llaki,1320
cgy4ever,1321
evima,1322
hogloid,1323
yosupo,1324
.o.,1325
ainta,1326
FarbodY,1327
HolkinPV,1328
ikar,1329
shigule,1330
taorunz,1331
RoKi,1332
Fefer_Ivan,1333
Nerevar,1334
scipianus,1335
havaliza,1336
mR.ilchi,1337
mruxim,1338
marat.snowbear,1339
Antoniuk,1340
KaiZeR,1341
Archazey,1342
BogdanFlorea,1343
NelsonMondialu,1344
EnumerativeCombinatorics,1345
snuke,1346
Neodym,1347
vitux,1348
Erfan.aa,1349
ErfanA,1350
ShayanH,1351
randrew,1352
MinakoKojima,1353
sevenkplus,1354
xlk,1355
JuanMata,1356
PraveenDhinwa,1357
gagaga5-gagaga,1358
jzzhu,1359
Syloviaely,1360
dzy493941464,1361
jcvb,1362
jiry_2,1363
FancyCoder,1364
oldmanren,1365
xyz111,1366
Picks,1367
delayyy,1368
vfleaking,1369
AndrewLazarev,1370
Gerald,1371
huzecong,1372
zhonghaoxi,1373
wyx528,1374
fchirica,1375
Sereja,1376
Bidhan,1377
Taube,1378
Skiminok,1379
cfk,1380
EG0R,1381
Oryshych,1382
Berezin,1383
xtalclr,1384
zanoes,1385
KirillB,1386
rares.buhai,1387
boleyn.su,1388
oGhost,1389
whd,1390
DEGwer,1391
kagamiz,1392
NALP,1393
FunkyCat,1394
Helga,1395
My-my,1396
Serega,1397
RomaWhite,1398
aiMR,1399
al13n,1400
azizkhan,1401
budabudimir,1402
caustique,1403
dark_ai,1404
fhlasek,1405
CMHJT,1406
UESTC_Nocturne,1407
ll931110,1408
dolphinigle,1409
exod40,1410
nika,1411
Alex_KPR,1412
dani1373,1413
dmehrjerdi,1414
keivan,1415
Misery,1416
Rei,1417
yaro,1418
VesloVolodya,1419
Furko,1420
Larisa_Petrova,1421
lydrainbowcat,1422
manager,1423
sdya,1424
AEtheReal,1425
Untitled,1426
witua,1427
RAD,1428
abacadaea,1429
A.K.Goharshady,1430
LGM,1431
YuukaKazami,1432
Fcdkbear,1433
kheili_chert,1434
rng_58,1435
KADR,1436
Ripatti,1437
Scorpions,1438
am-real,1439
max777alex,1440
BYN,1441
SeMeKh,1442
sepehrassadi,1443
Polichka,1444
valey,1445
Skird,1446
fdoer,1447
Malinovsky239,1448
I_love_Nastya,1449
aevsyukov,1450
zakharvoit,1451
Romka,1452
Hohol,1453
I_love_natalia,1454
AlTimin,1455
piloop,1456
poopi,1457
ruzana.miniakhmetova,1458
undef,1459
Alex-Gran,1460
avm,1461
burunduk3,1462
SergeiFedorov,1463
goryinyich,1464
Kenny_HORROR,1465
Alexander,1466
_jte_,1467
Atef,1468
Dima,1469
amirali1374,1470
kiana,1471
soroush419,1472
Ignat,1473
frost_nova,1474
ilyakor,1475
ivan.popelyshev,1476
stan,1477
Connector,1478
AleX,1479
Lepetrandr,1480
Marishka,1481
ahmed_aly,1482
Shtrix,1483
Alfa1,1484
Zahra,1485
sajjad_gh,1486
AC9,1487
Tachyon,1488
gurpreet_09,1489
sachi1325,1490
shammerw0w,1491
nevidomy,1492
e-maxx,1493
stgatilov,1494
Nedy88,1495
Zhukov_Dmitry,1496
dlevshunov,1497
brainail,1498
